motif,rank_in_motif,sender,receiver,ligand,receptor,factor_lrnorm,pathway
10,1,Tumor_epi,Vas_Endo,VEGFA,KDR,312.56,VEGF
10,2,Pericyte,Tumor_epi,GJC1,GJA1,265.64,GAP
10,3,Pericyte,Tumor_epi,LAMC3,DAG1,194.65,LAMININ
10,4,Vas_Endo,Tumor_epi,JAM2,F11R,177.07,JAM
10,5,Vas_Endo,Tumor_epi,VWF,ITGAV_ITGB3,175.38,VWF
10,6,Pericyte,Tumor_epi,LAMC3,ITGA6_ITGB4,149.04,LAMININ
10,7,Pericyte,Tumor_epi,LAMC3,CD44,135.77,LAMININ
10,8,Vas_Endo,Tumor_epi,EFNB2,EPHA4,129.89,EPHB
10,9,Tumor_epi,Vas_Endo,ANGPTL4,CDH5,129.63,ANGPTL
10,10,Tumor_epi,Vas_Endo,DLL4,NOTCH4,127.43,NOTCH
10,11,Vas_Endo,Tumor_epi,DLL4,NOTCH3,122.56,NOTCH
10,12,Vas_Endo,Tumor_epi,GJC1,GJA1,121.87,GAP
10,13,Vas_Endo,Tumor_epi,DLL4,NOTCH2,121.07,NOTCH
10,14,Vas_Endo,Tumor_epi,EFNB2,EPHB4,116.99,EPHB
10,15,Vas_Endo,Tumor_epi,JAM3,F11R,107.96,JAM
10,16,Tumor_epi,Vas_Endo,GJA1,GJA5,105.02,GAP
10,17,Tumor_epi,Vas_Endo,CD46,JAG1,103.37,CD46
10,18,Vas_Endo,Tumor_epi,EFNB2,EPHB1,101.56,EPHB
10,19,Fibro,Vas_Endo,WNT5A,MCAM,96.68,ncWNT
10,20,Tumor_epi,Vas_Endo,TBXAS1,TBXA2R,95.38,Prostaglandin
24,1,Alveolar_epi,Alveolar_epi,COL4A3,SDC4,161.06,COLLAGEN
24,2,Fibro,Alveolar_epi,TNXB,SDC4,160.22,TENASCIN
24,3,Vas_Endo,Vas_Endo,CDH5,CDH5,154.20,CDH5
24,4,Alveolar_epi,Alveolar_epi,FLRT3,FLRT3,139.94,FLRT
24,5,Vas_Endo,Alveolar_epi,JAM2,F11R,127.05,JAM
24,6,Alveolar_epi,Alveolar_epi,LAMA3,CD44,125.81,LAMININ
24,7,Alveolar_epi,Alveolar_epi,COL4A4,SDC4,118.85,COLLAGEN
24,8,Alveolar_epi,Vas_Endo,VEGFA,KDR,105.16,VEGF
24,9,Fibro,Vas_Endo,VEGFD,KDR,104.69,VEGF
24,10,Alveolar_epi,Alveolar_epi,COL4A3,CD44,97.62,COLLAGEN
24,11,Alveolar_epi,Alveolar_epi,OCLN,OCLN,93.28,OCLN
24,12,Pericyte,Alveolar_epi,LAMC3,CD44,91.88,LAMININ
24,13,Alveolar_epi,Alveolar_epi,SFTPD,ADGRE5,89.99,ADGRE
24,14,Alveolar_epi,Alveolar_epi,LAMA3,DAG1,89.66,LAMININ
24,15,Fibro,Vas_Endo,VEGFD,FLT4,80.26,VEGF
24,16,Vas_Endo,Alveolar_epi,COL4A2,SDC4,79.69,COLLAGEN
24,17,Fibro,Alveolar_epi,HGF,MET,78.51,HGF
24,18,Vas_Endo,Alveolar_epi,TNXB,SDC4,75.98,TENASCIN
24,19,Fibro,Alveolar_epi,FGF7,FGFR2,75.47,FGF
24,20,Fibro,Vas_Endo,VEGFD,FLT4_KDR,75.11,VEGF
