"Package","Version"
"BH","1.90.0-1"
"Biobase","2.62.0"
"BiocGenerics","0.48.1"
"BiocManager","1.30.26"
"BiocNeighbors","1.20.2"
"BiocParallel","1.36.0"
"BiocVersion","3.18.1"
"CellChat","2.2.0.9001"
"CompQuadForm","1.4.4"
"ComplexHeatmap","2.18.0"
"FNN","1.1.4.1"
"Formula","1.2-6"
"GetoptLong","1.0.5"
"GlobalOptions","0.1.4"
"IRanges","2.36.0"
"KernSmooth","2.23-24"
"MASS","7.3-60.0.1"
"Matrix","1.6-5"
"MatrixModels","0.5-4"
"NMF","0.27"
"R6","2.6.1"
"RANN","2.6.2"
"RColorBrewer","1.1-3"
"ROCR","1.0-11"
"RSpectra","0.16-2"
"RTriangle","1.6-0.15"
"Rcpp","1.1.2"
"RcppAnnoy","0.0.23"
"RcppArmadillo","15.0.2-1"
"RcppEigen","0.3.4.0.2"
"RcppHNSW","0.6.0"
"RcppParallel","5.1.9"
"RcppProgress","0.4.2"
"RcppTOML","0.2.3"
"Rdpack","2.6.6"
"Rfast","2.1.5.2"
"Rtsne","0.17"
"S4Vectors","0.40.2"
"S7","0.2.2"
"SPARK","1.1.1"
"Seurat","5.1.0"
"SeuratObject","5.0.2"
"SparseM","1.84-2"
"abind","1.4-8"
"askpass","1.2.1"
"backports","1.5.1"
"base","4.3.3"
"base64enc","0.1-6"
"bitops","1.0-7"
"boot","1.3-32"
"broom","1.0.13"
"bslib","0.12.0"
"caTools","1.18.2"
"cachem","1.1.0"
"car","3.1-2"
"carData","3.0-6"
"circlize","0.4.18"
"cli","3.6.5"
"clue","0.3-65"
"cluster","2.1.8.3"
"coda","0.19-4.1"
"codetools","0.2-20"
"collapse","2.1.7"
"colorspace","2.1-1"
"commonmark","2.0.0"
"compiler","4.3.3"
"corrplot","0.95"
"cowplot","1.2.0"
"cpp11","0.5.5"
"crayon","1.5.3"
"crosstalk","1.2.2"
"curl","7.1.0"
"cytosignal","0.5.1"
"data.table","1.17.8"
"datasets","4.3.3"
"dbscan","1.2.3"
"deldir","2.0-4"
"digest","0.6.39"
"doFuture","1.2.2"
"doParallel","1.0.17"
"doRNG","1.8.6.3"
"dotCall64","1.1-1"
"dplyr","1.2.1"
"dqrng","0.4.1"
"ellipsis","0.3.2"
"evaluate","1.0.5"
"fansi","1.0.6"
"farver","2.1.2"
"fastDummies","1.7.3"
"fastmap","1.2.0"
"fitdistrplus","1.1-11"
"fontawesome","0.5.3"
"foreach","1.5.2"
"forecast","9.0.2"
"formatR","1.14"
"fracdiff","1.5-4"
"fs","2.1.0"
"futile.logger","1.4.3"
"futile.options","1.0.1"
"future","1.75.0"
"future.apply","1.20.2"
"generics","0.1.4"
"ggalluvial","0.12.6"
"ggnetwork","0.5.13"
"ggplot2","3.5.2"
"ggpubr","0.6.0"
"ggrepel","0.9.6"
"ggridges","0.5.6"
"ggsci","5.2.0"
"ggsignif","0.6.4"
"glmnet","4.1-10"
"globals","0.19.1"
"glue","1.8.0"
"goftest","1.2-3"
"gplots","3.1.3.1"
"grDevices","4.3.3"
"graphics","4.3.3"
"grid","4.3.3"
"gridBase","0.4-7"
"gridExtra","2.3"
"gtable","0.3.6"
"gtools","3.9.5"
"here","1.0.2"
"highr","0.12"
"htmltools","0.5.9"
"htmlwidgets","1.6.4"
"httpuv","1.6.17"
"httr","1.4.8"
"ica","1.0-3"
"igraph","2.0.3"
"irlba","2.3.5.1"
"isoband","0.2.7"
"iterators","1.0.14"
"jquerylib","0.1.4"
"jsonlite","2.0.0"
"knitr","1.51"
"labeling","0.4.3"
"lambda.r","1.2.4"
"later","1.4.8"
"lattice","0.22-7"
"lazyeval","0.2.3"
"leiden","0.4.3.1"
"lifecycle","1.0.5"
"listenv","1.0.0"
"lme4","2.0-6"
"lmtest","0.9-40"
"magrittr","2.0.3"
"matlab","1.0.4.1"
"matrixStats","1.3.0"
"memoise","2.0.1"
"methods","4.3.3"
"mgcv","1.9-3"
"mime","0.13"
"miniUI","0.1.1.1"
"minqa","1.2.8"
"misc3d","0.9-2"
"modelr","0.1.11"
"munsell","0.5.1"
"mvtnorm","1.3-3"
"network","1.20.0"
"nlme","3.1-168"
"nloptr","2.2.1"
"nnet","7.3-21"
"numDeriv","2016.8-1.1"
"openssl","2.4.2"
"otel","0.2.0"
"parallel","4.3.3"
"parallelly","1.48.0"
"patchwork","1.3.2"
"pbapply","1.7-4"
"pbkrtest","0.5.2"
"pillar","1.11.0"
"pkgconfig","2.0.3"
"plot3D","1.4.2"
"plotly","4.12.1"
"plyr","1.8.9"
"png","0.1-9"
"polyclip","1.10-6"
"polynom","1.4-1"
"pracma","2.4.6"
"presto","1.0.0"
"progressr","0.14.0"
"promises","1.5.0"
"purrr","1.2.2"
"quantreg","6.1"
"rappdirs","0.3.4"
"rbibutils","2.4.1"
"reformulas","0.4.4"
"registry","0.5-1"
"remotes","2.5.0"
"reshape2","1.4.4"
"reticulate","1.46.0"
"rjson","0.2.21"
"rlang","1.3.0"
"rmarkdown","2.31"
"rngtools","1.5.2"
"rprojroot","2.1.1"
"rstatix","0.7.2"
"sandwich","3.1-1"
"sass","0.4.10"
"scales","1.4.0"
"scattermore","1.2"
"sctransform","0.4.1"
"shape","1.4.6.1"
"shiny","1.14.0"
"sitmo","2.0.2"
"sna","2.8"
"snow","0.4-4"
"sourcetools","0.1.7-2"
"sp","2.1-4"
"spam","2.10-0"
"spatstat.data","3.0-4"
"spatstat.explore","3.2-7"
"spatstat.geom","3.2-9"
"spatstat.random","3.2-3"
"spatstat.sparse","3.0-3"
"spatstat.utils","3.0-4"
"splines","4.3.3"
"statnet.common","4.13.0"
"stats","4.3.3"
"stats4","4.3.3"
"stringi","1.8.7"
"stringr","1.5.2"
"survival","3.8-3"
"svglite","2.1.3"
"sys","3.4.3"
"systemfonts","1.3.2"
"tcltk","4.3.3"
"tensor","1.5"
"tibble","3.3.0"
"tidyr","1.3.2"
"tidyselect","1.2.1"
"timeDate","4052.112"
"tinytex","0.60"
"tools","4.3.3"
"trust","0.1-8"
"urca","1.3-4"
"utf8","1.2.6"
"utils","4.3.3"
"uwot","0.2.4"
"vctrs","0.7.3"
"viridisLite","0.4.2"
"withr","3.0.2"
"wordcloud","2.6"
"xfun","0.60"
"xtable","1.8-8"
"yaml","2.3.12"
"zigg","0.0.2"
"zoo","1.8-14"
